事务类型,事务密钥,事务ID,摘要,经办人,经办人 ID,报告人,报告人 ID,优先级,状态,解决方案,已创建,已更新,截止日期
任务,A17S-133,68337,北向协议bacnet、AWS、snmp解决bug,Jian Zhang,712020:0bb9c8b1-a740-47e7-8ce8-3851c70b2c79,Jian Zhang,712020:0bb9c8b1-a740-47e7-8ce8-3851c70b2c79,Medium,IN PROGRESS正在进行,,13/五月/26 10:59 下午,13/五月/26 11:01 下午,14/五月/26 12:00 上午
缺陷,A17S-132,68303,【AcuHMI-1-7 v1.03p03】 Acuvim IIW和Acuvim3设备进行接线检查Wiring Status显示No Supported,Jiedong Duan,712020:09ed0eb2-09e7-4943-90c3-a462ecd5a9b8,Qiyuan Huai,712020:425cb92b-d5e9-4e53-a361-7ed66137ae5b,Medium,CREATED已创建,,13/五月/26 6:33 上午,13/五月/26 8:46 下午,
缺陷,A17S-131,68301,【AcuHMI-1-7 v1.03p02】SNMP MIB管理端请求到的设备信息参数值未进行系数转换，和Realtime页面显示的参数值不一致，预期：MIB管理端请求到的设备信息已经过系数换算，和Realtime页面显示一致,Jian Zhang,712020:0bb9c8b1-a740-47e7-8ce8-3851c70b2c79,张招标,712020:437447cc-9b3c-4d4c-af79-f0bcca9bd5a0,Medium,TO BE VERIFIED待验证,,13/五月/26 5:44 上午,13/五月/26 11:17 下午,
缺陷,A17S-130,68299,【AcuHMI-1-7 v1.03p03】AWS推送到云端的Json数据，设备信息中name和model参数没有设备信息值，预期：设备name和model参数有值,Jian Zhang,712020:0bb9c8b1-a740-47e7-8ce8-3851c70b2c79,张招标,712020:437447cc-9b3c-4d4c-af79-f0bcca9bd5a0,Medium,TO BE VERIFIED待验证,,13/五月/26 5:37 上午,13/五月/26 9:36 下午,
缺陷,A17S-129,68297,【AcuHMI-1-7 v1.03p03】 BACnet/IP上传4100全部1869个参数需要40分钟。预期：正常速度上传,Jian Zhang,712020:0bb9c8b1-a740-47e7-8ce8-3851c70b2c79,Qiyuan Huai,712020:425cb92b-d5e9-4e53-a361-7ed66137ae5b,Medium,TO BE VERIFIED待验证,,13/五月/26 4:27 上午,13/五月/26 9:48 下午,
缺陷,A17S-128,68296,【AcuHMI-1-7 v1.03p03】Trend log以生成1小时数据，Realtime Log页面Time Interval可以选5/10/15/30/1our，Management页面只能下载5minutes数据，预期：和Realtime log页面Time Interval选项值保持一致,Zheng Quan,712020:40eaa574-1377-47a4-ab1c-5436536cf4e7,张招标,712020:437447cc-9b3c-4d4c-af79-f0bcca9bd5a0,Medium,TO BE VERIFIED待验证,,13/五月/26 4:12 上午,13/五月/26 8:52 下午,
缺陷,A17S-127,68098,【AcuHMI-1-7 v1.03p02】设置AcuRev2100接线方式为2 Element 3 Wire 1 Phase，接线检查结果显示2 Element 3 Wire Network,Qiyuan Huai,712020:425cb92b-d5e9-4e53-a361-7ed66137ae5b,Qiyuan Huai,712020:425cb92b-d5e9-4e53-a361-7ed66137ae5b,Medium,CLOSED已关闭,完成,09/五月/26 6:41 上午,13/五月/26 6:29 上午,
缺陷,A17S-126,68097,【AcuHMI-1-7 v1.03p02】设置Acuvim IIW接线方式为2 Element 3 Wire 1 Phase，接线检查结果显示2 Element 3 Wire Delta,Qiyuan Huai,712020:425cb92b-d5e9-4e53-a361-7ed66137ae5b,Qiyuan Huai,712020:425cb92b-d5e9-4e53-a361-7ed66137ae5b,Medium,TO BE VERIFIED待验证,,09/五月/26 6:24 上午,13/五月/26 6:35 上午,
缺陷,A17S-125,68096,【AcuHMI-1-7 v1.03p02】1 Element 2 Wire接线方式下，Meter Point显示PhaseB/C项，预期应该只显示Phase A,Qiyuan Huai,712020:425cb92b-d5e9-4e53-a361-7ed66137ae5b,Qiyuan Huai,712020:425cb92b-d5e9-4e53-a361-7ed66137ae5b,Medium,CLOSED已关闭,完成,09/五月/26 6:05 上午,13/五月/26 6:09 上午,
缺陷,A17S-124,68094,【AcuHMI-1-7 v1.03p02】SNMP配置页面提示语Snmp Config Invali中Invali单词拼写错误，预期：Invalid,张招标,712020:437447cc-9b3c-4d4c-af79-f0bcca9bd5a0,张招标,712020:437447cc-9b3c-4d4c-af79-f0bcca9bd5a0,Medium,CLOSED已关闭,完成,09/五月/26 5:28 上午,12/五月/26 11:15 下午,
故事,A17S-123,68093,【AcuHMI-1-7 v1.03p02】SNMP配置页面，RO Community输入框未校验，只输入空格可保存成功，预期：需要进行校验，单输入空格无法保存,张招标,712020:437447cc-9b3c-4d4c-af79-f0bcca9bd5a0,张招标,712020:437447cc-9b3c-4d4c-af79-f0bcca9bd5a0,Medium,CLOSED已关闭,完成,09/五月/26 5:21 上午,12/五月/26 11:19 下午,
缺陷,A17S-122,68090,【AcuHMI-1-7 v1.03p02】SNMP下载的MIB文件中出现acuRev4100Web2字段，和实际项目名不一致，预期：MIB文件中项目字段显示为AcuHMI-1-7,张招标,712020:437447cc-9b3c-4d4c-af79-f0bcca9bd5a0,张招标,712020:437447cc-9b3c-4d4c-af79-f0bcca9bd5a0,Medium,CLOSED已关闭,完成,09/五月/26 4:53 上午,13/五月/26 2:44 上午,
缺陷,A17S-121,68089,【AcuHMI-1-7 v1.03p02】配置Ia/b为1A，Ic电流缺失，接线检查结果显示-，与需求不一致。,Bo Su,712020:b121be59-30ef-4dcf-b57d-7f0eb5674a3e,Qiyuan Huai,712020:425cb92b-d5e9-4e53-a361-7ed66137ae5b,Medium,CREATED已创建,,09/五月/26 4:33 上午,09/五月/26 4:52 上午,
缺陷,A17S-120,68088,【AcuHMI-1-7 v1.03p02】2100设备Wiring of Three Phase User列表中，接线方式network显示不全，预期：显示为2 Element 3 Wire Network,张招标,712020:437447cc-9b3c-4d4c-af79-f0bcca9bd5a0,张招标,712020:437447cc-9b3c-4d4c-af79-f0bcca9bd5a0,Medium,CLOSED已关闭,完成,09/五月/26 3:50 上午,13/五月/26 2:48 上午,
缺陷,A17S-119,68087,【AcuHMI-1-7 v1.03p02】开启passthrough，使用Acuview2上位机工具概率连接失败,Yongjun Li,712020:d1152f13-d33f-42df-84ea-f6e09a9ac7fa,Qiyuan Huai,712020:425cb92b-d5e9-4e53-a361-7ed66137ae5b,Medium,SELF-TESTING自测中,,09/五月/26 3:13 上午,12/五月/26 8:05 上午,
缺陷,A17S-118,68085,【AcuHMI-1-7 v1.03p02】开启modbus功能，进行数据业务时，系统服务会监听两个重复的502端口,Yongjun Li,712020:d1152f13-d33f-42df-84ea-f6e09a9ac7fa,Qiyuan Huai,712020:425cb92b-d5e9-4e53-a361-7ed66137ae5b,Medium,SELF-TESTING自测中,,09/五月/26 3:07 上午,12/五月/26 8:05 上午,
缺陷,A17S-117,68079,【AcuHMI-1-7 v1.03p02】关闭modbus config，开启Device Mirror，与modbus poll建立通信成功，预期通信失败,Yongjun Li,712020:d1152f13-d33f-42df-84ea-f6e09a9ac7fa,Qiyuan Huai,712020:425cb92b-d5e9-4e53-a361-7ed66137ae5b,Medium,SELF-TESTING自测中,,09/五月/26 1:55 上午,12/五月/26 8:05 上午,
缺陷,A17S-116,68078,【AcuHMI-1-7 v1.03p02】BACnet上传设备参数单位错误，显示Square Meters，预期显示正确的参数单位,Jian Zhang,712020:0bb9c8b1-a740-47e7-8ce8-3851c70b2c79,Qiyuan Huai,712020:425cb92b-d5e9-4e53-a361-7ed66137ae5b,Medium,TO BE VERIFIED待验证,,09/五月/26 1:35 上午,13/五月/26 9:54 下午,
缺陷,A17S-115,68032,【AcuHMI-1-7 v1.03p02】 Acucloud上传AcuvimIIW参数错误。预期：数据和上位机一致,Zihan Gao,712020:e72f0dc6-9bf2-41c2-a647-0ac9db880ac1,Zihan Gao,712020:e72f0dc6-9bf2-41c2-a647-0ac9db880ac1,Medium,CLOSED已关闭,完成,08/五月/26 6:02 上午,13/五月/26 6:30 上午,
缺陷,A17S-114,68031,【AcuHMI-1-7 v1.03p02】 Acucloud上传AcuVIM3参数有1个重复参数，data中下载的表格出现多个空值列。预期：数据和上位机一致,Hengbo Huang,712020:cfb06c59-05ac-4df0-b57e-79a918e9d849,Zihan Gao,712020:e72f0dc6-9bf2-41c2-a647-0ac9db880ac1,Medium,CREATED已创建,,08/五月/26 5:22 上午,14/五月/26 4:13 上午,
缺陷,A17S-113,68030,【AcuHMI-1-7 v1.03p02】 Acucloud上显示SN异常。预期：SN显示正确,Di Song,712020:bc65f750-dcae-43f2-a72c-a6c1b9c932c3,Zihan Gao,712020:e72f0dc6-9bf2-41c2-a647-0ac9db880ac1,Medium,CREATED已创建,,08/五月/26 5:02 上午,10/五月/26 11:16 下午,
缺陷,A17S-112,68029,【AcuHMI-1-7 v1.03p02】View用户无法正常查看设备数据，预期结果：可以正常查看，实际测试结果：页面报错,Xu Li,712020:10ec4d49-b36f-42eb-9b4d-c60b47bbb906,Xu Li,712020:10ec4d49-b36f-42eb-9b4d-c60b47bbb906,Medium,CLOSED已关闭,完成,08/五月/26 4:59 上午,13/五月/26 3:03 上午,
缺陷,A17S-111,68028,【AcuHMI-1-7 v1.03p02】 Acucloud上传2100参数有3个重复参数，data中下载的表格出现多个空值列。预期：数据和上位机一致,Yanling Cao,712020:a845eb7e-5175-4a39-adea-e28ed1c7b278,Zihan Gao,712020:e72f0dc6-9bf2-41c2-a647-0ac9db880ac1,Medium,CLOSED已关闭,完成,08/五月/26 4:45 上午,14/五月/26 4:23 上午,
缺陷,A17S-110,68027,"【AcuHMI-1-7 v1.03p02】Trend log的Management下载Excel，查看数据间隔为5min,实际页面显示时间间隔为1min，预期结果：页面时间间隔显示为5min",Xu Li,712020:10ec4d49-b36f-42eb-9b4d-c60b47bbb906,Xu Li,712020:10ec4d49-b36f-42eb-9b4d-c60b47bbb906,Medium,CLOSED已关闭,完成,08/五月/26 4:15 上午,13/五月/26 5:16 上午,
缺陷,A17S-109,68026,【AcuHMI-1-7 v1.03p02】datalog，2100设备向远端服务器的UNBL_I_%参数值，AcuvimIIR向远端服务器上传的UNBL_V_%和UNBL_I_%参数值和上位机不一致，预期：设备向远端服务器上传的参数值和上位机一致,张招标,712020:437447cc-9b3c-4d4c-af79-f0bcca9bd5a0,张招标,712020:437447cc-9b3c-4d4c-af79-f0bcca9bd5a0,Medium,CLOSED已关闭,完成,08/五月/26 3:44 上午,13/五月/26 3:37 上午,
缺陷,A17S-108,68025,【AcuHMI-1-7 v1.03p02】 Acucloud上传2100参数UNBL_I_%，AcuvimIIR参数UNBL_V_%和UNBL_I_%数据错误。预期：数据和上位机一致,Zihan Gao,712020:e72f0dc6-9bf2-41c2-a647-0ac9db880ac1,Zihan Gao,712020:e72f0dc6-9bf2-41c2-a647-0ac9db880ac1,Medium,CLOSED已关闭,完成,08/五月/26 2:59 上午,13/五月/26 6:07 上午,
缺陷,A17S-107,68024,【AcuHMI-1-7 v1.03p02】设备缓存数据向AWS IoT推送，未按时间戳顺序推送，预期：AWS IoT Core 收到缓存数据完整，且时序正确,张招标,712020:437447cc-9b3c-4d4c-af79-f0bcca9bd5a0,张招标,712020:437447cc-9b3c-4d4c-af79-f0bcca9bd5a0,Medium,REJECTED已拒绝,完成,08/五月/26 2:35 上午,12/五月/26 8:03 上午,
缺陷,A17S-106,68023,【AcuHMI-1-7 v1.03p02】AWS IoT勾选下挂设备，未选择参数，设备向云端推送无参数的消息体，预期：勾选设备后未选择参数，设备不向云端推送消息体,张招标,712020:437447cc-9b3c-4d4c-af79-f0bcca9bd5a0,张招标,712020:437447cc-9b3c-4d4c-af79-f0bcca9bd5a0,Medium,CLOSED已关闭,完成,08/五月/26 2:28 上午,13/五月/26 4:44 上午,
缺陷,A17S-105,68022,【AcuHMI-1-7 v1.03p02】AWS IOT配置Interval推数据推送间隔，实际上报的数据间隔和配置的不一致，预期：配置的Interval和实际设备推送数据的Interval一致,张招标,712020:437447cc-9b3c-4d4c-af79-f0bcca9bd5a0,张招标,712020:437447cc-9b3c-4d4c-af79-f0bcca9bd5a0,Medium,CLOSED已关闭,完成,08/五月/26 2:21 上午,13/五月/26 5:32 上午,
缺陷,A17S-104,68021,【AcuHMI-1-7 v1.03p02】AWS IoT配置错误的URL，点击Test Connection可连接成功，预期：配置错误的URL显示连接Fail，无法连接到AWS IoT,张招标,712020:437447cc-9b3c-4d4c-af79-f0bcca9bd5a0,张招标,712020:437447cc-9b3c-4d4c-af79-f0bcca9bd5a0,Medium,REJECTED已拒绝,完成,08/五月/26 2:14 上午,08/五月/26 7:08 上午,
缺陷,A17S-103,68020,【AcuHMI-1-7 v1.03p02】4100表新增需求PT设置，测试未发现该功能，预期结果：PT配置可正常配置以及下发,Xu Li,712020:10ec4d49-b36f-42eb-9b4d-c60b47bbb906,Xu Li,712020:10ec4d49-b36f-42eb-9b4d-c60b47bbb906,Medium,CLOSED已关闭,完成,07/五月/26 11:31 下午,13/五月/26 5:27 上午,
缺陷,A17S-102,68018,【AcuHMI-1-7 v1.03p02】MQTT测试时，Topic and Parameter Selection配置成功后，刷新页面，之前保存的设备显示未勾选，预期结果：勾选的设备保存后显示正常,Xu Li,712020:10ec4d49-b36f-42eb-9b4d-c60b47bbb906,Xu Li,712020:10ec4d49-b36f-42eb-9b4d-c60b47bbb906,Medium,CLOSED已关闭,完成,07/五月/26 10:01 下午,13/五月/26 5:09 上午,
缺陷,A17S-101,68017,【AcuHMI-1-7 v1.03p02】MQTT配置页面，AWS IoT配置页面Topic输入框不支持符号_，预期：支持输入符号_,张招标,712020:437447cc-9b3c-4d4c-af79-f0bcca9bd5a0,张招标,712020:437447cc-9b3c-4d4c-af79-f0bcca9bd5a0,Medium,CLOSED已关闭,完成,07/五月/26 9:53 下午,13/五月/26 2:54 上午,
缺陷,A17S-100,67994,【AcuHMI-1-7 v1.03p02】下挂4100设备未向AWS IoT推送数据，预期：4100设备可向AWS IoT推送数据,张招标,712020:437447cc-9b3c-4d4c-af79-f0bcca9bd5a0,张招标,712020:437447cc-9b3c-4d4c-af79-f0bcca9bd5a0,Medium,CLOSED已关闭,完成,07/五月/26 4:55 上午,13/五月/26 5:22 上午,
缺陷,A17S-99,67993,【AcuHMI-1-7 v1.03p02】新添加一台物理设备还未开始采集任务，修改Data Log Parameter Config，系统会产生一条备份记录，下载时提示No Data,Qiyuan Huai,712020:425cb92b-d5e9-4e53-a361-7ed66137ae5b,Qiyuan Huai,712020:425cb92b-d5e9-4e53-a361-7ed66137ae5b,Medium,CLOSED已关闭,完成,07/五月/26 2:32 上午,13/五月/26 5:22 上午,
缺陷,A17S-98,67992,【AcuHMI-1-7 v1.03p02】修改Data Log Parameter Config，操作Checkpoint时设备dump,Qiyuan Huai,712020:425cb92b-d5e9-4e53-a361-7ed66137ae5b,Qiyuan Huai,712020:425cb92b-d5e9-4e53-a361-7ed66137ae5b,Medium,CLOSED已关闭,完成,07/五月/26 2:10 上午,13/五月/26 5:01 上午,
缺陷,A17S-97,67990,【AcuHMI-1-7 v1.03p02】 COVIncrement输入非法值，关闭参数选择界面，打开其他设备参数选择界面都会报错。预期：不影响其他设备,Zihan Gao,712020:e72f0dc6-9bf2-41c2-a647-0ac9db880ac1,Zihan Gao,712020:e72f0dc6-9bf2-41c2-a647-0ac9db880ac1,Medium,CLOSED已关闭,完成,06/五月/26 11:47 下午,13/五月/26 4:32 上午,
缺陷,A17S-96,67989,【AcuHMI-1-7 v1.03p02】 BacneitIP上传2100参数：UNBL_I_%数据错误。预期：数据和上位机一致,Zihan Gao,712020:e72f0dc6-9bf2-41c2-a647-0ac9db880ac1,Zihan Gao,712020:e72f0dc6-9bf2-41c2-a647-0ac9db880ac1,Medium,CLOSED已关闭,完成,06/五月/26 11:42 下午,13/五月/26 4:01 上午,
缺陷,A17S-95,67950,【AcuHMI-1-7 v1.03p02】添加设备时，Template名称格式与需求不一致，预期模板名称定义为“TemplateName_版本号_Firmware_版本号”,Qiyuan Huai,712020:425cb92b-d5e9-4e53-a361-7ed66137ae5b,Qiyuan Huai,712020:425cb92b-d5e9-4e53-a361-7ed66137ae5b,Medium,CLOSED已关闭,完成,06/五月/26 2:45 上午,13/五月/26 3:29 上午,
缺陷,A17S-94,67948,【AcuHMI-1-7 v1.03p02】v1.03p01升级到v1.03p02，Acuvim3和Acuvim IIW设备Realtime页面显示No Data,Qiyuan Huai,712020:425cb92b-d5e9-4e53-a361-7ed66137ae5b,Qiyuan Huai,712020:425cb92b-d5e9-4e53-a361-7ed66137ae5b,Medium,CLOSED已关闭,完成,06/五月/26 1:51 上午,13/五月/26 2:28 上午,
任务,A17S-93,67673,支持北向BUG解决,Jian Zhang,712020:0bb9c8b1-a740-47e7-8ce8-3851c70b2c79,Jian Zhang,712020:0bb9c8b1-a740-47e7-8ce8-3851c70b2c79,Medium,CLOSED已关闭,完成,29/四月/26 5:09 上午,30/四月/26 4:44 上午,30/四月/26 12:00 上午
缺陷,A17S-92,67614,【AcuHMI-1-7 v1.03p01】Azure IoT上传证书，点击Save保存后，未显示证书信息，预期：上传成功，Save保存后有证书信息显示,张招标,712020:437447cc-9b3c-4d4c-af79-f0bcca9bd5a0,张招标,712020:437447cc-9b3c-4d4c-af79-f0bcca9bd5a0,Medium,CLOSED已关闭,完成,28/四月/26 5:04 上午,09/五月/26 5:55 上午,
缺陷,A17S-91,67613,【AcuHMI-1-7 v1.03p01】下挂设备向Azure IoT同一时间戳推送重复数据，预期：同一时间间隔内只上报一次数据，无重复推送,张招标,712020:437447cc-9b3c-4d4c-af79-f0bcca9bd5a0,张招标,712020:437447cc-9b3c-4d4c-af79-f0bcca9bd5a0,Medium,CLOSED已关闭,完成,28/四月/26 4:53 上午,07/五月/26 11:50 下午,
缺陷,A17S-90,67607,【AcuHMI-1-7 v1.03p01】AWS IoT配置界面，Disable关闭配置后，还会缓存数据，预期：Disable断开连接不缓存数据，重新打开后，不推送缓存数据,张招标,712020:437447cc-9b3c-4d4c-af79-f0bcca9bd5a0,张招标,712020:437447cc-9b3c-4d4c-af79-f0bcca9bd5a0,Medium,CLOSED已关闭,完成,28/四月/26 3:29 上午,07/五月/26 11:47 下午,
缺陷,A17S-89,67606,【AcuHMI-1-7 v1.03p01】AWS IOT配置页面，取消设备勾选，还会向AWS IOT推送设备数据，预期：配置页面取消设备勾选，停止向AWS推送数据,张招标,712020:437447cc-9b3c-4d4c-af79-f0bcca9bd5a0,张招标,712020:437447cc-9b3c-4d4c-af79-f0bcca9bd5a0,Medium,CLOSED已关闭,完成,28/四月/26 3:12 上午,07/五月/26 11:44 下午,
缺陷,A17S-88,67604,【AcuHMI-1-7 v1.03p01】AWS IOT已删除设备缓存数据，设备还可以向AWS IOT推送缓存数据，预期：删除缓存数据后，设备无法向AWS IOT推送数据,张招标,712020:437447cc-9b3c-4d4c-af79-f0bcca9bd5a0,张招标,712020:437447cc-9b3c-4d4c-af79-f0bcca9bd5a0,Medium,CLOSED已关闭,完成,28/四月/26 2:48 上午,07/五月/26 11:41 下午,
缺陷,A17S-87,67603,【AcuHMI-1-7 v1.03p01】设备向AWS IOT推送数据，设备参数时间戳未按时间戳顺序记录，预期：推送的参数信息中，时间戳按顺序记录,张招标,712020:437447cc-9b3c-4d4c-af79-f0bcca9bd5a0,张招标,712020:437447cc-9b3c-4d4c-af79-f0bcca9bd5a0,Medium,CLOSED已关闭,完成,28/四月/26 2:44 上午,07/五月/26 11:41 下午,
缺陷,A17S-86,67602,【AcuHMI-1-7 v1.03p01】EPICS 文件中的设备相关内容未能根据当前配置的设备数量进行同步更新，存在保留历史已选择设备信息,Qiyuan Huai,712020:425cb92b-d5e9-4e53-a361-7ed66137ae5b,Qiyuan Huai,712020:425cb92b-d5e9-4e53-a361-7ed66137ae5b,Medium,CLOSED已关闭,完成,28/四月/26 2:35 上午,06/五月/26 10:02 下午,
缺陷,A17S-85,67597,【AcuHMI-1-7 v1.03p01】下挂设备向AWS IOT同一时间间隔推送多次数据，预期：根据配置的时间间隔，只推送一次数据,张招标,712020:437447cc-9b3c-4d4c-af79-f0bcca9bd5a0,张招标,712020:437447cc-9b3c-4d4c-af79-f0bcca9bd5a0,Medium,CLOSED已关闭,完成,28/四月/26 2:11 上午,07/五月/26 4:49 上午,
缺陷,A17S-84,67594,【AcuHMI-1-7 v1.03p01】开启BacNET/IP，上传的参数值都为0 ，与预期不符,Qiyuan Huai,712020:425cb92b-d5e9-4e53-a361-7ed66137ae5b,Qiyuan Huai,712020:425cb92b-d5e9-4e53-a361-7ed66137ae5b,Medium,CLOSED已关闭,完成,28/四月/26 2:07 上午,06/五月/26 10:01 下午,
缺陷,A17S-83,67593,【AcuHMI-1-7 v1.03p01】开启BacNET/IP，上传的参数值都为0 ，与预期不符,Qiyuan Huai,712020:425cb92b-d5e9-4e53-a361-7ed66137ae5b,Qiyuan Huai,712020:425cb92b-d5e9-4e53-a361-7ed66137ae5b,Medium,CLOSED已关闭,完成,28/四月/26 2:01 上午,06/五月/26 10:00 下午,
缺陷,A17S-82,67592,【AcuHMI-1-7 v1.03p01】修改BacNET/IP相关配置需要每次重启设备，才能与客户端建立通信,Qiyuan Huai,712020:425cb92b-d5e9-4e53-a361-7ed66137ae5b,Qiyuan Huai,712020:425cb92b-d5e9-4e53-a361-7ed66137ae5b,Medium,CLOSED已关闭,完成,28/四月/26 2:00 上午,06/五月/26 9:57 下午,
缺陷,A17S-81,67591,【AcuHMI-1-7 v1.03p01】AcuCloud生产环境创建设备后，设备无法连接并推送数据，预期：设备数据可以推向AcuCloud生产环境,张招标,712020:437447cc-9b3c-4d4c-af79-f0bcca9bd5a0,张招标,712020:437447cc-9b3c-4d4c-af79-f0bcca9bd5a0,Medium,CLOSED已关闭,完成,28/四月/26 1:57 上午,07/五月/26 9:59 下午,
缺陷,A17S-80,67590,【AcuHMI-1-7 v1.03p01】创建虚拟设备，Virtual Device Name输入空格可以创建成功设备，预期：Virtual Device Name输入空格无法创建设备,张招标,712020:437447cc-9b3c-4d4c-af79-f0bcca9bd5a0,张招标,712020:437447cc-9b3c-4d4c-af79-f0bcca9bd5a0,Medium,CLOSED已关闭,完成,28/四月/26 1:51 上午,08/五月/26 4:35 上午,
任务,A17S-79,67589,【公共】【1人天】第三轮提测+bug支撑,,,Zheng Quan,712020:40eaa574-1377-47a4-ab1c-5436536cf4e7,Medium,CREATED已创建,,28/四月/26 1:38 上午,28/四月/26 1:38 上午,
任务,A17S-78,67587,【公共】【1人天】第二轮提测+bug支撑,,,Zheng Quan,712020:40eaa574-1377-47a4-ab1c-5436536cf4e7,Medium,CREATED已创建,,28/四月/26 1:38 上午,28/四月/26 1:38 上午,
任务,A17S-77,67585,【公共】【3人天】第一轮提测+bug支撑,,,Zheng Quan,712020:40eaa574-1377-47a4-ab1c-5436536cf4e7,Medium,IN PROGRESS正在进行,,28/四月/26 1:38 上午,07/五月/26 10:01 下午,
任务,A17S-76,67583,【0.3人天】接线检查页面接口重新联调,Zheng Quan,712020:40eaa574-1377-47a4-ab1c-5436536cf4e7,Zheng Quan,712020:40eaa574-1377-47a4-ab1c-5436536cf4e7,Medium,CLOSED已关闭,完成,28/四月/26 1:37 上午,07/五月/26 10:01 下午,30/四月/26 12:00 上午
任务,A17S-75,67581,【0.5人天】模板升级,Qing Gou,712020:8ad30f58-ccf3-45ab-ab4f-91e5bfd7fb8f,Zheng Quan,712020:40eaa574-1377-47a4-ab1c-5436536cf4e7,Medium,CLOSED已关闭,完成,28/四月/26 1:36 上午,05/五月/26 9:42 下午,30/四月/26 12:00 上午
缺陷,A17S-74,67570,【AcuHMI-1-7 v1.03p01】设置Device Instance为4194302，页面提示check BacnetIP config error,Qiyuan Huai,712020:425cb92b-d5e9-4e53-a361-7ed66137ae5b,Qiyuan Huai,712020:425cb92b-d5e9-4e53-a361-7ed66137ae5b,Medium,CLOSED已关闭,完成,27/四月/26 11:33 下午,06/五月/26 9:57 下午,
缺陷,A17S-73,67569,【AcuHMI-1-7 v1.03p01】YABE工具与设备建立通信，Device Object Name和Device Instance字段信息显示错误，与页面配置的不一致,Qiyuan Huai,712020:425cb92b-d5e9-4e53-a361-7ed66137ae5b,Qiyuan Huai,712020:425cb92b-d5e9-4e53-a361-7ed66137ae5b,Medium,CLOSED已关闭,完成,27/四月/26 11:26 下午,06/五月/26 9:54 下午,
缺陷,A17S-72,67568,【AcuHMI-1-7 v1.03p01】BACnet Port和BBMD Port范围与需求不一致，预期为47808到49000之间,Qiyuan Huai,712020:425cb92b-d5e9-4e53-a361-7ed66137ae5b,Qiyuan Huai,712020:425cb92b-d5e9-4e53-a361-7ed66137ae5b,Medium,CLOSED已关闭,完成,27/四月/26 10:55 下午,06/五月/26 9:53 下午,
缺陷,A17S-71,67567,"【AcuHMI-1-7 v1.03p01】设备首次开启BacNET/IP,使用YABE测试工具扫描不到设备",Qiyuan Huai,712020:425cb92b-d5e9-4e53-a361-7ed66137ae5b,Qiyuan Huai,712020:425cb92b-d5e9-4e53-a361-7ed66137ae5b,Medium,CLOSED已关闭,完成,27/四月/26 10:43 下午,06/五月/26 9:50 下午,
缺陷,A17S-70,67565,【AcuHmi 1-7 v1.03p01】Remote Access Enable开启后，Status显示正常，另外的网页打开URL，注销URL后，查看URL网页，预期结果：提示链接超时，实际测试结果：提示报错,Huaixi Cheng,712020:eedd10e5-904a-4f84-8646-9a9cb80cc6e0,Xu Li,712020:10ec4d49-b36f-42eb-9b4d-c60b47bbb906,Medium,REJECTED已拒绝,完成,27/四月/26 9:22 下午,11/五月/26 5:00 上午,
缺陷,A17S-69,67478,"【Acuhmi 1-7 v1.03p01】Remote Access Enable开启后，Status显示正常，切换Ping Interval为600s,点击save提示保存成功，状态显示offline，预期结果：状态显示online，实际测试结果：状态显示offline",Xu Li,712020:10ec4d49-b36f-42eb-9b4d-c60b47bbb906,Xu Li,712020:10ec4d49-b36f-42eb-9b4d-c60b47bbb906,Medium,CLOSED已关闭,完成,27/四月/26 4:56 上午,06/五月/26 9:59 下午,
缺陷,A17S-68,67477,【Acuhmi 1-7 v1.03p01】创建告警后，先关闭Alarm Acknowledgement Enable，之后再开启Alarm Acknowledgement Enable，点击Acknowledged，页面提示报错，预期结果：正确消除告警，实际测试结果：页面提示报错,Xu Li,712020:10ec4d49-b36f-42eb-9b4d-c60b47bbb906,Xu Li,712020:10ec4d49-b36f-42eb-9b4d-c60b47bbb906,Medium,CLOSED已关闭,完成,27/四月/26 2:36 上午,06/五月/26 2:36 上午,
任务,A17S-66,67343,【模版升级】SNMP MIB修改自动适配模版,Pei Wang,712020:d83ca65e-e53f-4093-9de9-0f9c1433a692,Pei Wang,712020:d83ca65e-e53f-4093-9de9-0f9c1433a692,Medium,CLOSED已关闭,完成,21/四月/26 10:57 下午,26/四月/26 10:00 下午,24/四月/26 12:00 上午
任务,A17S-65,67341,【模版升级】MODBUS Data Mapping修改/PQ/WaveForm自动适配模版,Pei Wang,712020:d83ca65e-e53f-4093-9de9-0f9c1433a692,Pei Wang,712020:d83ca65e-e53f-4093-9de9-0f9c1433a692,Medium,CLOSED已关闭,完成,21/四月/26 10:55 下午,26/四月/26 9:38 下午,23/四月/26 12:00 上午
任务,A17S-64,67314,模版升级（datalog，trendlog数据备份及导出下载方案开发，详设文档刷新）,,,Huaixi Cheng,712020:eedd10e5-904a-4f84-8646-9a9cb80cc6e0,Medium,CLOSED已关闭,完成,21/四月/26 5:08 上午,11/五月/26 1:14 上午,
任务,A17S-63,67313,模版升级（datalog，trendlog数据备份及导出下载方案设计）,Huaixi Cheng,712020:eedd10e5-904a-4f84-8646-9a9cb80cc6e0,Huaixi Cheng,712020:eedd10e5-904a-4f84-8646-9a9cb80cc6e0,Medium,CLOSED已关闭,完成,21/四月/26 5:07 上午,29/四月/26 9:22 下午,29/四月/26 12:00 上午
任务,A17S-62,67256,第二轮测试（新增需求+问题单回归+基本功能）,Qiyuan Huai,712020:425cb92b-d5e9-4e53-a361-7ed66137ae5b,Qiyuan Huai,712020:425cb92b-d5e9-4e53-a361-7ed66137ae5b,Medium,CLOSED已关闭,完成,20/四月/26 2:52 上午,11/五月/26 1:24 上午,08/五月/26 12:00 上午
任务,A17S-61,67254,第一轮测试（新增需求+问题单回归+基本功能）,Qiyuan Huai,712020:425cb92b-d5e9-4e53-a361-7ed66137ae5b,Qiyuan Huai,712020:425cb92b-d5e9-4e53-a361-7ed66137ae5b,Medium,CLOSED已关闭,完成,20/四月/26 2:52 上午,11/五月/26 1:23 上午,29/四月/26 12:00 上午
任务,A17S-60,67252,测试用例评审及冒烟测试用例,Qiyuan Huai,712020:425cb92b-d5e9-4e53-a361-7ed66137ae5b,Qiyuan Huai,712020:425cb92b-d5e9-4e53-a361-7ed66137ae5b,Medium,CLOSED已关闭,完成,20/四月/26 2:52 上午,27/四月/26 4:00 上午,24/四月/26 12:00 上午
任务,A17S-59,67250,测试用例输出,Qiyuan Huai,712020:425cb92b-d5e9-4e53-a361-7ed66137ae5b,Qiyuan Huai,712020:425cb92b-d5e9-4e53-a361-7ed66137ae5b,Medium,CLOSED已关闭,完成,20/四月/26 2:52 上午,27/四月/26 4:00 上午,23/四月/26 12:00 上午
任务,A17S-58,67247,基于PX-EMD-G移植修改SN、配置导入导出、修改模版功能测试用例,Qiyuan Huai,712020:425cb92b-d5e9-4e53-a361-7ed66137ae5b,Qiyuan Huai,712020:425cb92b-d5e9-4e53-a361-7ed66137ae5b,Medium,CLOSED已关闭,完成,20/四月/26 2:49 上午,27/四月/26 4:00 上午,22/四月/26 12:00 上午
任务,A17S-57,67245,基于AcuRev4100-WEB2移植Remote Access参数配置功能测试用例,Qiyuan Huai,712020:425cb92b-d5e9-4e53-a361-7ed66137ae5b,Qiyuan Huai,712020:425cb92b-d5e9-4e53-a361-7ed66137ae5b,Medium,CLOSED已关闭,完成,20/四月/26 2:47 上午,27/四月/26 4:00 上午,22/四月/26 12:00 上午
任务,A17S-56,67242,基于AcuRev4100-WEB2移植SNMP、MQTT参数配置功能测试用例,Qiyuan Huai,712020:425cb92b-d5e9-4e53-a361-7ed66137ae5b,Qiyuan Huai,712020:425cb92b-d5e9-4e53-a361-7ed66137ae5b,Medium,CLOSED已关闭,完成,20/四月/26 2:47 上午,27/四月/26 3:59 上午,22/四月/26 12:00 上午
任务,A17S-55,67240,基于PX-EMD-G移植Data Log参数配置功能测试用例,Qiyuan Huai,712020:425cb92b-d5e9-4e53-a361-7ed66137ae5b,Qiyuan Huai,712020:425cb92b-d5e9-4e53-a361-7ed66137ae5b,Medium,CLOSED已关闭,完成,20/四月/26 2:47 上午,27/四月/26 3:59 上午,22/四月/26 12:00 上午
任务,A17S-54,67238,基于AcuRev4100-WEB2移植接线检查功能测试用例,Qiyuan Huai,712020:425cb92b-d5e9-4e53-a361-7ed66137ae5b,Qiyuan Huai,712020:425cb92b-d5e9-4e53-a361-7ed66137ae5b,Medium,CLOSED已关闭,完成,20/四月/26 2:47 上午,27/四月/26 3:59 上午,22/四月/26 12:00 上午
任务,A17S-53,67236,基于AcuRev4100-WEB2移植BacNet/IP、AWS Iot、Azure Iot功能测试用例,Qiyuan Huai,712020:425cb92b-d5e9-4e53-a361-7ed66137ae5b,Qiyuan Huai,712020:425cb92b-d5e9-4e53-a361-7ed66137ae5b,Medium,CLOSED已关闭,完成,20/四月/26 2:47 上午,27/四月/26 3:59 上午,22/四月/26 12:00 上午
任务,A17S-52,67234,模版管理(兼容支持不同版本的电表，考虑参数增加修改等场景)功能 -TBD,Qiyuan Huai,712020:425cb92b-d5e9-4e53-a361-7ed66137ae5b,Qiyuan Huai,712020:425cb92b-d5e9-4e53-a361-7ed66137ae5b,Medium,CLOSED已关闭,完成,20/四月/26 2:45 上午,11/五月/26 1:23 上午,30/四月/26 12:00 上午
任务,A17S-51,67232,设备管理测试用例新增和修改，适配Add to Logger功能,Qiyuan Huai,712020:425cb92b-d5e9-4e53-a361-7ed66137ae5b,Qiyuan Huai,712020:425cb92b-d5e9-4e53-a361-7ed66137ae5b,Medium,CLOSED已关闭,完成,20/四月/26 2:45 上午,27/四月/26 3:59 上午,20/四月/26 12:00 上午
任务,A17S-50,67230,用户/输入通道名称编辑需求分析和测试点提取,Qiyuan Huai,712020:425cb92b-d5e9-4e53-a361-7ed66137ae5b,Qiyuan Huai,712020:425cb92b-d5e9-4e53-a361-7ed66137ae5b,Medium,CLOSED已关闭,完成,20/四月/26 2:45 上午,27/四月/26 3:59 上午,20/四月/26 12:00 上午
任务,A17S-49,67228,Alarm功能（蜂鸣器逻辑修改、alarm确认功能）,Qiyuan Huai,712020:425cb92b-d5e9-4e53-a361-7ed66137ae5b,Qiyuan Huai,712020:425cb92b-d5e9-4e53-a361-7ed66137ae5b,Medium,CLOSED已关闭,完成,20/四月/26 2:44 上午,27/四月/26 3:59 上午,20/四月/26 12:00 上午
任务,A17S-48,67226,需求澄清与方案讨论,Qiyuan Huai,712020:425cb92b-d5e9-4e53-a361-7ed66137ae5b,Qiyuan Huai,712020:425cb92b-d5e9-4e53-a361-7ed66137ae5b,Medium,CLOSED已关闭,完成,20/四月/26 2:42 上午,27/四月/26 3:59 上午,17/四月/26 12:00 上午
长篇故事,A17S-47,67224,TE,,,Qiyuan Huai,712020:425cb92b-d5e9-4e53-a361-7ed66137ae5b,Medium,CREATED已创建,,20/四月/26 2:38 上午,20/四月/26 2:38 上午,
任务,A17S-46,67139,【1人天】全功能自测+提测,Qing Gou,712020:8ad30f58-ccf3-45ab-ab4f-91e5bfd7fb8f,Zheng Quan,712020:40eaa574-1377-47a4-ab1c-5436536cf4e7,Medium,CLOSED已关闭,完成,16/四月/26 11:27 下午,05/五月/26 9:42 下午,27/四月/26 12:00 上午
任务,A17S-45,67137,【2.7人天】全局接口联调,Qing Gou,712020:8ad30f58-ccf3-45ab-ab4f-91e5bfd7fb8f,Zheng Quan,712020:40eaa574-1377-47a4-ab1c-5436536cf4e7,Medium,CLOSED已关闭,完成,16/四月/26 11:27 下午,05/五月/26 9:39 下午,23/四月/26 12:00 上午
任务,A17S-44,67135,【0.5人天】User channel配置+显示适配迁移,Zheng Quan,712020:40eaa574-1377-47a4-ab1c-5436536cf4e7,Zheng Quan,712020:40eaa574-1377-47a4-ab1c-5436536cf4e7,Medium,CLOSED已关闭,完成,16/四月/26 11:26 下午,16/四月/26 11:26 下午,15/四月/26 12:00 上午
任务,A17S-43,67133,【0.3人天】EULA,Zheng Quan,712020:40eaa574-1377-47a4-ab1c-5436536cf4e7,Zheng Quan,712020:40eaa574-1377-47a4-ab1c-5436536cf4e7,Medium,CLOSED已关闭,完成,16/四月/26 11:25 下午,16/四月/26 11:26 下午,16/四月/26 12:00 上午
任务,A17S-42,67131,【0.5人天】Alarm-蜂鸣器适配,Qing Gou,712020:8ad30f58-ccf3-45ab-ab4f-91e5bfd7fb8f,Zheng Quan,712020:40eaa574-1377-47a4-ab1c-5436536cf4e7,Medium,CLOSED已关闭,完成,16/四月/26 11:25 下午,17/四月/26 1:25 上午,16/四月/26 12:00 上午
任务,A17S-41,67129,【0.5人天】Azure-IOT页面开发,Qing Gou,712020:8ad30f58-ccf3-45ab-ab4f-91e5bfd7fb8f,Zheng Quan,712020:40eaa574-1377-47a4-ab1c-5436536cf4e7,Medium,CLOSED已关闭,完成,16/四月/26 11:25 下午,17/四月/26 1:15 上午,15/四月/26 12:00 上午
任务,A17S-40,67127,【0.5人天】AWS-IOT页面开发,Qing Gou,712020:8ad30f58-ccf3-45ab-ab4f-91e5bfd7fb8f,Zheng Quan,712020:40eaa574-1377-47a4-ab1c-5436536cf4e7,Medium,CLOSED已关闭,完成,16/四月/26 11:25 下午,17/四月/26 1:14 上午,14/四月/26 12:00 上午
任务,A17S-39,67125,【0.5人天】AcuCloud/Remote Access - Advanced功能开发,Qing Gou,712020:8ad30f58-ccf3-45ab-ab4f-91e5bfd7fb8f,Zheng Quan,712020:40eaa574-1377-47a4-ab1c-5436536cf4e7,Medium,CLOSED已关闭,完成,16/四月/26 11:25 下午,17/四月/26 1:13 上午,14/四月/26 12:00 上午
任务,A17S-38,67123,【0.3人天】Bacnet IP迁移,Zheng Quan,712020:40eaa574-1377-47a4-ab1c-5436536cf4e7,Zheng Quan,712020:40eaa574-1377-47a4-ab1c-5436536cf4e7,Medium,CLOSED已关闭,完成,16/四月/26 11:23 下午,28/四月/26 1:36 上午,23/四月/26 12:00 上午
任务,A17S-37,67121,【0.5人天】AWS协议开发,Qing Gou,712020:8ad30f58-ccf3-45ab-ab4f-91e5bfd7fb8f,Zheng Quan,712020:40eaa574-1377-47a4-ab1c-5436536cf4e7,Medium,CLOSED已关闭,完成,16/四月/26 11:23 下午,20/四月/26 8:23 下午,
任务,A17S-36,67119,【1人天】HIO-Reading页开发+About-HIO-Information展示,Qing Gou,712020:8ad30f58-ccf3-45ab-ab4f-91e5bfd7fb8f,Zheng Quan,712020:40eaa574-1377-47a4-ab1c-5436536cf4e7,Medium,CLOSED已关闭,完成,16/四月/26 11:23 下午,17/四月/26 1:07 上午,13/四月/26 12:00 上午
任务,A17S-35,67117,【0.5人天】虚拟设备改进,Qing Gou,712020:8ad30f58-ccf3-45ab-ab4f-91e5bfd7fb8f,Zheng Quan,712020:40eaa574-1377-47a4-ab1c-5436536cf4e7,Medium,CLOSED已关闭,完成,16/四月/26 11:22 下午,17/四月/26 1:05 上午,09/四月/26 12:00 上午
任务,A17S-34,67115,【1.5人天】可编辑的用户/输入通道名称 + 全局User适配,Zheng Quan,712020:40eaa574-1377-47a4-ab1c-5436536cf4e7,Zheng Quan,712020:40eaa574-1377-47a4-ab1c-5436536cf4e7,Medium,CLOSED已关闭,完成,16/四月/26 11:22 下午,28/四月/26 1:38 上午,30/四月/26 12:00 上午
任务,A17S-33,67113,【1人天】迁移PX-EMD-G的功能至AcuHMI-1-7,Qing Gou,712020:8ad30f58-ccf3-45ab-ab4f-91e5bfd7fb8f,Zheng Quan,712020:40eaa574-1377-47a4-ab1c-5436536cf4e7,Medium,CLOSED已关闭,完成,16/四月/26 11:22 下午,17/四月/26 1:05 上午,08/四月/26 12:00 上午
任务,A17S-32,67111,【0.5人天】页脚邮件更改/添加或创建设备增加Add to Logger功能/AcuHMI操作屏创建虚拟设备时，无法在下拉菜单中查看AcuRev-4100显示的所有参数+下拉搜索/系统通信异常提示语修改,Qing Gou,712020:8ad30f58-ccf3-45ab-ab4f-91e5bfd7fb8f,Zheng Quan,712020:40eaa574-1377-47a4-ab1c-5436536cf4e7,Medium,CLOSED已关闭,完成,16/四月/26 11:22 下午,17/四月/26 1:03 上午,07/四月/26 12:00 上午
任务,A17S-31,67109,【1人天】需求澄清、讨论对齐,Qing Gou,712020:8ad30f58-ccf3-45ab-ab4f-91e5bfd7fb8f,Zheng Quan,712020:40eaa574-1377-47a4-ab1c-5436536cf4e7,Medium,CLOSED已关闭,完成,16/四月/26 11:22 下午,28/四月/26 1:36 上午,
长篇故事,A17S-30,67107,WEB,,,Zheng Quan,712020:40eaa574-1377-47a4-ab1c-5436536cf4e7,Medium,CREATED已创建,,16/四月/26 11:21 下午,16/四月/26 11:34 下午,
任务,A17S-29,67054,数据上传（支持AWS/Azure）同步,Dongfeng Lei,712020:6012a3ed-00fc-4cb3-bd56-baf681b3a620,Yongjun Li,712020:d1152f13-d33f-42df-84ea-f6e09a9ac7fa,Medium,CLOSED已关闭,完成,16/四月/26 9:59 下午,27/四月/26 1:48 上午,22/四月/26 12:00 上午
任务,A17S-28,67053,北向协议（BACNET IP/SNMP/MQTT）同步,Dongfeng Lei,712020:6012a3ed-00fc-4cb3-bd56-baf681b3a620,Yongjun Li,712020:d1152f13-d33f-42df-84ea-f6e09a9ac7fa,Medium,CLOSED已关闭,完成,16/四月/26 9:59 下午,27/四月/26 1:48 上午,17/四月/26 12:00 上午
子任务,A17S-27,66671,新方案模板升级datalog/北向数据刷新,Xiao Li,712020:eb3556ea-514a-4ee5-b8fe-5fd8d2f57eb7,Xiao Li,712020:eb3556ea-514a-4ee5-b8fe-5fd8d2f57eb7,Medium,CLOSED已关闭,完成,14/四月/26 9:22 下午,27/四月/26 3:08 上午,
子任务,A17S-26,66669,新方案升级模板数据库更新,Xiao Li,712020:eb3556ea-514a-4ee5-b8fe-5fd8d2f57eb7,Xiao Li,712020:eb3556ea-514a-4ee5-b8fe-5fd8d2f57eb7,Medium,CLOSED已关闭,完成,14/四月/26 9:21 下午,27/四月/26 3:08 上午,
子任务,A17S-25,66668,新方案模板文件解析,Xiao Li,712020:eb3556ea-514a-4ee5-b8fe-5fd8d2f57eb7,Xiao Li,712020:eb3556ea-514a-4ee5-b8fe-5fd8d2f57eb7,Medium,CLOSED已关闭,完成,14/四月/26 9:15 下午,27/四月/26 3:08 上午,
任务,A17S-24,66667,模板升级方案编码,Xiao Li,712020:eb3556ea-514a-4ee5-b8fe-5fd8d2f57eb7,Xiao Li,712020:eb3556ea-514a-4ee5-b8fe-5fd8d2f57eb7,Medium,CLOSED已关闭,完成,14/四月/26 9:14 下午,27/四月/26 3:08 上午,24/四月/26 12:00 上午
任务,A17S-23,66666,模板升级方案设计,Xiao Li,712020:eb3556ea-514a-4ee5-b8fe-5fd8d2f57eb7,Xiao Li,712020:eb3556ea-514a-4ee5-b8fe-5fd8d2f57eb7,Medium,CLOSED已关闭,完成,14/四月/26 9:10 下午,14/四月/26 9:14 下午,10/四月/26 12:00 上午
任务,A17S-22,66665,HIO设备支持,Xiao Li,712020:eb3556ea-514a-4ee5-b8fe-5fd8d2f57eb7,Xiao Li,712020:eb3556ea-514a-4ee5-b8fe-5fd8d2f57eb7,Medium,CLOSED已关闭,完成,14/四月/26 9:08 下午,14/四月/26 9:10 下午,10/四月/26 12:00 上午
任务,A17S-21,66241,about页面支持HIO版本号信息查询,Yongjun Li,712020:d1152f13-d33f-42df-84ea-f6e09a9ac7fa,Yongjun Li,712020:d1152f13-d33f-42df-84ea-f6e09a9ac7fa,Medium,CLOSED已关闭,完成,13/四月/26 5:41 上午,15/四月/26 1:34 上午,16/四月/26 12:00 上午
任务,A17S-20,66240,Alarm模块功能修改WebApi,Yongjun Li,712020:d1152f13-d33f-42df-84ea-f6e09a9ac7fa,Yongjun Li,712020:d1152f13-d33f-42df-84ea-f6e09a9ac7fa,Medium,CLOSED已关闭,完成,13/四月/26 5:41 上午,17/四月/26 5:56 上午,15/四月/26 12:00 上午
任务,A17S-19,66239,北向协议WebApi（支持AWS/Azure）,Yongjun Li,712020:d1152f13-d33f-42df-84ea-f6e09a9ac7fa,Yongjun Li,712020:d1152f13-d33f-42df-84ea-f6e09a9ac7fa,Medium,CLOSED已关闭,完成,13/四月/26 5:40 上午,27/四月/26 2:36 上午,22/四月/26 12:00 上午
任务,A17S-18,66238,北向协议WebApi(BACNET IP/SNMP/MQTT),Yongjun Li,712020:d1152f13-d33f-42df-84ea-f6e09a9ac7fa,Yongjun Li,712020:d1152f13-d33f-42df-84ea-f6e09a9ac7fa,Medium,CLOSED已关闭,完成,13/四月/26 5:40 上午,27/四月/26 2:36 上午,23/四月/26 12:00 上午
任务,A17S-17,66237,接线检查WebApi,Yongjun Li,712020:d1152f13-d33f-42df-84ea-f6e09a9ac7fa,Yongjun Li,712020:d1152f13-d33f-42df-84ea-f6e09a9ac7fa,Medium,CLOSED已关闭,完成,13/四月/26 5:40 上午,27/四月/26 2:36 上午,21/四月/26 12:00 上午
任务,A17S-16,66236,支持设备修改序列号和模版功能（WEB及南向）,Yongjun Li,712020:d1152f13-d33f-42df-84ea-f6e09a9ac7fa,Yongjun Li,712020:d1152f13-d33f-42df-84ea-f6e09a9ac7fa,Medium,CLOSED已关闭,完成,13/四月/26 5:38 上午,13/四月/26 9:05 下午,10/四月/26 12:00 上午
任务,A17S-15,66235,添加或创建设备增加Add to Logger功能WebApi（datalog设置时检查）,Yongjun Li,712020:d1152f13-d33f-42df-84ea-f6e09a9ac7fa,Yongjun Li,712020:d1152f13-d33f-42df-84ea-f6e09a9ac7fa,Medium,CLOSED已关闭,完成,13/四月/26 5:37 上午,13/四月/26 9:05 下午,09/四月/26 12:00 上午
任务,A17S-14,66230,alarm新开发功能联调,Pei Wang,712020:d83ca65e-e53f-4093-9de9-0f9c1433a692,Pei Wang,712020:d83ca65e-e53f-4093-9de9-0f9c1433a692,Medium,CLOSED已关闭,完成,13/四月/26 5:14 上午,26/四月/26 10:00 下午,24/四月/26 12:00 上午
任务,A17S-13,66228,整体联调自测+第一轮提测,Jiedong Duan,712020:09ed0eb2-09e7-4943-90c3-a462ecd5a9b8,Jiedong Duan,712020:09ed0eb2-09e7-4943-90c3-a462ecd5a9b8,Medium,CLOSED已关闭,完成,13/四月/26 5:14 上午,27/四月/26 2:25 上午,27/四月/26 12:00 上午
任务,A17S-12,66226,alarm确认功能,Pei Wang,712020:d83ca65e-e53f-4093-9de9-0f9c1433a692,Pei Wang,712020:d83ca65e-e53f-4093-9de9-0f9c1433a692,Medium,CLOSED已关闭,完成,13/四月/26 5:13 上午,16/四月/26 5:51 上午,16/四月/26 12:00 上午
任务,A17S-11,66224,alarm蜂鸣器逻辑修改,Pei Wang,712020:d83ca65e-e53f-4093-9de9-0f9c1433a692,Pei Wang,712020:d83ca65e-e53f-4093-9de9-0f9c1433a692,Medium,CLOSED已关闭,完成,13/四月/26 5:13 上午,16/四月/26 5:52 上午,16/四月/26 12:00 上午
任务,A17S-10,66222,接口联调,Jiedong Duan,712020:09ed0eb2-09e7-4943-90c3-a462ecd5a9b8,Jiedong Duan,712020:09ed0eb2-09e7-4943-90c3-a462ecd5a9b8,Medium,CLOSED已关闭,完成,13/四月/26 5:13 上午,27/四月/26 2:25 上午,24/四月/26 12:00 上午
任务,A17S-9,66220,遗留bug修复,Jiedong Duan,712020:09ed0eb2-09e7-4943-90c3-a462ecd5a9b8,Jiedong Duan,712020:09ed0eb2-09e7-4943-90c3-a462ecd5a9b8,Medium,CLOSED已关闭,完成,13/四月/26 5:13 上午,27/四月/26 2:25 上午,23/四月/26 12:00 上午
任务,A17S-8,66218,alarm trigger功能添加,Pei Wang,712020:d83ca65e-e53f-4093-9de9-0f9c1433a692,Pei Wang,712020:d83ca65e-e53f-4093-9de9-0f9c1433a692,Medium,CLOSED已关闭,完成,13/四月/26 5:13 上午,13/四月/26 5:15 上午,10/四月/26 12:00 上午
任务,A17S-7,66216,接线检查功能,Jiedong Duan,712020:09ed0eb2-09e7-4943-90c3-a462ecd5a9b8,Jiedong Duan,712020:09ed0eb2-09e7-4943-90c3-a462ecd5a9b8,Medium,CLOSED已关闭,完成,13/四月/26 5:12 上午,27/四月/26 2:26 上午,21/四月/26 12:00 上午
任务,A17S-6,66214,模板-G和-1-7模板对比和需求整理,Jiedong Duan,712020:09ed0eb2-09e7-4943-90c3-a462ecd5a9b8,Jiedong Duan,712020:09ed0eb2-09e7-4943-90c3-a462ecd5a9b8,Medium,CLOSED已关闭,完成,13/四月/26 5:12 上午,27/四月/26 2:25 上午,13/四月/26 12:00 上午
任务,A17S-5,66212,设备配置的导入和导出功能（已支持，需确认）,Jiedong Duan,712020:09ed0eb2-09e7-4943-90c3-a462ecd5a9b8,Jiedong Duan,712020:09ed0eb2-09e7-4943-90c3-a462ecd5a9b8,Medium,CLOSED已关闭,完成,13/四月/26 5:11 上午,20/四月/26 2:49 上午,13/四月/26 12:00 上午
任务,A17S-4,66210,模版修改（支持datalog等相关组[参数可选]，4100支持通道参数名，HIO模版）,Jiedong Duan,712020:09ed0eb2-09e7-4943-90c3-a462ecd5a9b8,Jiedong Duan,712020:09ed0eb2-09e7-4943-90c3-a462ecd5a9b8,Medium,CLOSED已关闭,完成,13/四月/26 5:10 上午,27/四月/26 2:24 上午,13/四月/26 12:00 上午
任务,A17S-3,66208,添加或创建设备增加Add to Logger功能,Jiedong Duan,712020:09ed0eb2-09e7-4943-90c3-a462ecd5a9b8,Jiedong Duan,712020:09ed0eb2-09e7-4943-90c3-a462ecd5a9b8,Medium,CLOSED已关闭,完成,13/四月/26 5:09 上午,16/四月/26 5:30 上午,13/四月/26 12:00 上午
任务,A17S-2,66185,需求澄清与方案讨论,,,Yongjun Li,712020:d1152f13-d33f-42df-84ea-f6e09a9ac7fa,Medium,CLOSED已关闭,完成,13/四月/26 4:02 上午,27/四月/26 2:36 上午,17/四月/26 12:00 上午
长篇故事,A17S-1,66184,linux,,,Yongjun Li,712020:d1152f13-d33f-42df-84ea-f6e09a9ac7fa,Medium,CREATED已创建,,13/四月/26 4:01 上午,13/四月/26 4:01 上午,
